Legnépszerűbb lekérdezések,Kattintások,Megjelenések,CTR,Elhelyezkedés
cash receipt template,0,222,0%,72.02
petty cash voucher,0,92,0%,58.23
cash receipt,0,76,0%,77.55
petty cash log,0,60,0%,47.1
petty cash slips,0,57,0%,57.47
petty cash voucher template,0,49,0%,49.35
petty cash voucher printable,0,46,0%,40.67
cash voucher template,0,40,0%,46.4
petty cash log template,0,38,0%,46.45
cash receipts template,0,33,0%,71.88
petty cash management system,0,30,0%,78.3
cash receipt example,0,29,0%,59.79
petty cash reconciliation,0,28,0%,75.86
deposit receipt,0,26,0%,66.88
what is petty cash,0,24,0%,75.12
manage petty cash,0,24,0%,82.67
petty cash,0,23,0%,78.7
petty cash vouchers,0,22,0%,69.32
petty cash meaning,0,21,0%,75.86
cash+receipt+template,0,19,0%,69.42
petty cash definition,0,18,0%,82.72
petty cash voucher template free download,0,16,0%,53.5
receipt cash,0,16,0%,81.44
cash drawer reconciliation,0,15,0%,16
payroll receipts,0,14,0%,34.36
cash voucher,0,13,0%,75
daily cash position report,0,13,0%,84
how to reconcile your petty cash,0,12,0%,71.67
sample petty cash voucher format excel,0,12,0%,81.75
money receipt template,0,11,0%,64.09
how to reconcile petty cash,0,11,0%,67.64
cash receipt form,0,11,0%,70.64
cash report,0,10,0%,72
how to do cash reconciliation,0,10,0%,96.1
https://example.com/generated_receipt.pdf,0,9,0%,8.56
cash replenishment,0,9,0%,48.44
how to track petty cash,0,9,0%,71.33
how to balance petty cash,0,9,0%,83
petty cash voucher sample,0,8,0%,35.88
refund receipt,0,8,0%,37.25
petty cash receipt,0,8,0%,44
petty cash voucher format in excel,0,8,0%,95.62
receipt for cash payment,0,7,0%,67.29
cash rec,0,7,0%,88.29
how to journalize petty cash,0,7,0%,93.29
babysitter receipt,0,6,0%,5.17
how to track cash payments,0,6,0%,23.17
cash deposit receipt,0,6,0%,40.83
daily cash report template,0,6,0%,43.33
cash payment receipt template,0,6,0%,54
handyman receipt,0,6,0%,64
invoice for cash payment,0,6,0%,81.83
cash drawer reconciliation software,0,5,0%,11.4
cash log,0,5,0%,38.6
printable cash receipt,0,5,0%,52
cash payment receipt,0,5,0%,72.8
how to handwrite a receipt,0,5,0%,79.6
cash advance receipt format,0,4,0%,1
digital receipt book,0,4,0%,20.25
daily cash sheet,0,4,0%,38.5
petty cash receipt template,0,4,0%,39.5
petty cash tracking template,0,4,0%,42
money receipt,0,4,0%,46.25
sample receipt for cash payment,0,4,0%,51.5
sample cash receipt,0,4,0%,53.75
printable cash receipts,0,4,0%,55.5
what is petty cash account,0,4,0%,84.25
what is a cash reconciliation,0,4,0%,98.75
cash refund receipt template,0,3,0%,1
private tutor receipt,0,3,0%,1.67
cash advance slip format,0,3,0%,3.67
cash advance receipt,0,3,0%,5.67
reckon accounting software petty cash feature,0,3,0%,10
tutoring receipt,0,3,0%,14
drawer reconciliation,0,3,0%,16.33
petty cash boxes,0,3,0%,19.33
cash register reconciliation,0,3,0%,29.33
petty cash voucher format,0,3,0%,32.67
receipt book access,0,3,0%,37
how can i keep my cash box organized and secure?,0,3,0%,38
payroll receipt,0,3,0%,40
how to track a cash app payment,0,3,0%,42
sample petty cash log,0,3,0%,45.67
receipt for deposit,0,3,0%,47
cash receipt sample,0,3,0%,53
petty cash slip,0,3,0%,59.67
cash receipt format,0,3,0%,61.67
cash receipt templates,0,3,0%,64
cash receipt template pdf,0,3,0%,65.33
cash drawer traceability,0,3,0%,67
free printable cash receipt,0,3,0%,69
petty cash account,0,3,0%,69.67
receipts for cash payments,0,3,0%,70.67
cashapp receipt template,0,3,0%,76.33
cashier reconciliation,0,3,0%,78
contractor receipt,0,3,0%,78.67
cash receipt template free,0,3,0%,80
handyman receipt template,0,3,0%,81.67
handle petty cash,0,3,0%,85
what is petty cash in accounting,0,3,0%,85.33
instant receipt of loan proceeds,0,3,0%,87
cash recon,0,3,0%,87.67
spend note,0,2,0%,2.5
reckon accounting software petty cash,0,2,0%,9.5
reckon accounting software petty cash features,0,2,0%,10
advance cash receipt,0,2,0%,15
proof of cash payment receipt,0,2,0%,15
receipt of advance payment,0,2,0%,17
reconciling cash drawer,0,2,0%,20.5
how to reconcile a cash drawer,0,2,0%,22
cash receipt software,0,2,0%,23.5
petty cash voucher example,0,2,0%,24
refund receipt template,0,2,0%,25
petty cash box,0,2,0%,25.5
cash float for market stall,0,2,0%,29
cash discrepancy,0,2,0%,31
petty cash float,0,2,0%,34
petty cash app,0,2,0%,40.5
handyman receipts,0,2,0%,42
cash payment receipt templates,0,2,0%,43
petty cash voucher template word,0,2,0%,43
free printable cash receipt pdf,0,2,0%,45
receipt of cash template,0,2,0%,45
blank cash receipt,0,2,0%,46.5
free cash receipt template pdf,0,2,0%,47.5
daily cash log,0,2,0%,49.5
cash receipt pdf,0,2,0%,50.5
how much petty cash should be on hand,0,2,0%,51
online receipt book,0,2,0%,54.5
free cash receipt form,0,2,0%,56
cash receipt forms,0,2,0%,57
receipt of cash payment template,0,2,0%,57
cash discrepancies,0,2,0%,57.5
sample cash receipts,0,2,0%,57.5
reconciliation of petty cash,0,2,0%,60.5
reconcile petty cash,0,2,0%,64
receipt log,0,2,0%,66
receipt of deposit,0,2,0%,66.5
how to handle petty cash in a company,0,2,0%,67
what does a cash app receipt look like,0,2,0%,68
how to prove cash,0,2,0%,68.5
replenishing petty cash,0,2,0%,69
fillable cash receipt template,0,2,0%,70
free cash receipt,0,2,0%,70
receipt template for cash payment,0,2,0%,70.5
cash payment receipt sample,0,2,0%,71
cash app receipt template,0,2,0%,71.5
receipt for cash,0,2,0%,71.5
petty cash application,0,2,0%,72.5
petty cash transactions,0,2,0%,73.5
sample cash receipt template,0,2,0%,74
daily cash reconciliation,0,2,0%,76.5
receipt of cash payment,0,2,0%,78
cash petty,0,2,0%,80
what is petty cash voucher,0,2,0%,81
manage+petty+cash,0,2,0%,88
how to write money receipt,0,2,0%,92
how to write a money receipt,0,2,0%,94.5
receipt reimbursement,0,2,0%,94.5
cash drawer reconciliation process,0,1,0%,3
printable petty cash receipt pdf,0,1,0%,6
digital petty cash,0,1,0%,8
petty cash voucher filled sample,0,1,0%,8
receipt of advance payment by employee,0,1,0%,9
what does a refund receipt look like,0,1,0%,9
reconcile cash drawer,0,1,0%,11
cash voucher example,0,1,0%,12
petty receipt,0,1,0%,12
printable petty cash voucher,0,1,0%,15
cash advance receipt form,0,1,0%,16
reconcile cash drawer meaning,0,1,0%,16
petty cash management for construction,0,1,0%,18
advance receipt,0,1,0%,20
employee cash advance,0,1,0%,20
proof of cash payment letter,0,1,0%,20
petty cash receipt voucher,0,1,0%,22
cash float vs petty cash,0,1,0%,25
petty cash float meaning,0,1,0%,26
cash log sheet,0,1,0%,29
how to fill up petty cash voucher,0,1,0%,30
cash float and petty cash,0,1,0%,36
cash receipt access,0,1,0%,36
receipts logo,0,1,0%,36
petty cash audit procedures,0,1,0%,37
petty cash replenishment,0,1,0%,37
handyman receipt book,0,1,0%,38
petty cash tracker,0,1,0%,39
what is a petty cash float,0,1,0%,39
example of a petty cash voucher,0,1,0%,40
babysitting receipt,0,1,0%,41
cash report format,0,1,0%,41
cash counting sheet,0,1,0%,42
cash count sheet template,0,1,0%,43
petty cash tracker template,0,1,0%,43
petty cash tracking,0,1,0%,43
cash voucher templates,0,1,0%,44
receipt for cash template,0,1,0%,45
receipt in advance,0,1,0%,45
pre numbered cash paid receipt,0,1,0%,46
refund invoice template,0,1,0%,46
do you write cash tip on receipt,0,1,0%,47
how do you keep track of transactions,0,1,0%,47
petty cash and cash float,0,1,0%,47
cash received receipt template,0,1,0%,48
petty cash log sheet,0,1,0%,48
what is petty cash replenishment,0,1,0%,48
cash out report,0,1,0%,50
cash receipt printable,0,1,0%,50
tutoring receipt template,0,1,0%,50
cash log template,0,1,0%,51
printable cash receipt template,0,1,0%,52
cash count form,0,1,0%,53
free cash payment receipt template,0,1,0%,53
petty cash problems and solutions,0,1,0%,53
cash payment receipt pdf,0,1,0%,54
cash receipt download,0,1,0%,55
cash receipt form free,0,1,0%,55
receipt cash template,0,1,0%,55
free printable cash receipt template,0,1,0%,57
printable cash payment receipt,0,1,0%,57
amount receipt,0,1,0%,60
petty cash receipts,0,1,0%,60
receipt for money received,0,1,0%,60
format for cash receipt,0,1,0%,61
surprise cash count audit procedures,0,1,0%,61
can i use a cash box for valuables other than money?,0,1,0%,62
automate petty cash tracking,0,1,0%,63
download cash receipt,0,1,0%,63
invoice for refund,0,1,0%,63
contractor receipts,0,1,0%,65
handwritten receipt for cash payment,0,1,0%,65
petty cash description,0,1,0%,66
cash paid receipt,0,1,0%,67
define petty cash,0,1,0%,67
cash pay receipt,0,1,0%,69
what is petty cash used for,0,1,0%,69
receipt for refund,0,1,0%,70
how does petty cash work,0,1,0%,71
petty cash reconciliations,0,1,0%,71
replenish petty cash,0,1,0%,71
meaning petty cash,0,1,0%,72
petty cash management,0,1,0%,72
a petty cash voucher,0,1,0%,73
get paid for school notes,0,1,0%,73
how do you write a receipt for money received,0,1,0%,73
petty cash balance,0,1,0%,73
meaning of petty cash,0,1,0%,74
definition of petty cash,0,1,0%,75
how to fill out a cash receipt,0,1,0%,75
payment cash receipt,0,1,0%,75
customer refund receipt,0,1,0%,76
how to handle petty cash,0,1,0%,76
what is a petty cash account,0,1,0%,77
what's petty cash,0,1,0%,77
cash audit report,0,1,0%,78
peti cash,0,1,0%,78
petty cash float in accounting,0,1,0%,78
petty cash definition accounting,0,1,0%,79
replenish petty cash fund,0,1,0%,79
what petty cash,0,1,0%,79
cash audit,0,1,0%,80
cash receipt invoice,0,1,0%,80
how to calculate cash receipts,0,1,0%,80
pety cash,0,1,0%,81
what is a petty cash,0,1,0%,81
petty cash means,0,1,0%,82
cash receipt payment,0,1,0%,83
cash with receipt,0,1,0%,83
petty cash debit card,0,1,0%,83
simple cash receipt template,0,1,0%,84
handling petty cash,0,1,0%,85
petty cash reimbursement meaning,0,1,0%,85
cash transaction receipt,0,1,0%,86
what is a petty cash voucher,0,1,0%,86
cash internal controls checklist,0,1,0%,87
managing petty cash,0,1,0%,88
cash receipt format in word,0,1,0%,89
how to do a cash reconciliation,0,1,0%,89
itemized receipt for security deposit,0,1,0%,89
receipt of funds,0,1,0%,89
refund receipt form,0,1,0%,89
petty cash access,0,1,0%,90
cash reporting tools,0,1,0%,92
cash receipt software for pc,0,1,0%,93
example receipt for cash payment,0,1,0%,95
how to fill out cash receipt,0,1,0%,95
how to write a cash receipt,0,1,0%,95
cash advance repayment on pay stub,0,1,0%,96
how to write a receipt for cash,0,1,0%,96
cash transaction example,0,1,0%,97
receipt tracker for small business,0,1,0%,99
how to write a receipt of payment,0,1,0%,120